Process Yellow,CMYK( 0, 0, 100, 0),HEX(#FFFF00)
Pantone 100,CMYK( 0, 0, 51, 0),HEX(#FFFF7D)
Pantone 101,CMYK( 0, 0, 79, 0),HEX(#FFFF36)
Pantone 102,CMYK( 0, 1, 95, 0),HEX(#FFFC0D)
Pantone Yellow,CMYK( 0, 1, 100, 0),HEX(#FFFC00)
Pantone 103,CMYK( 0, 3, 100, 18),HEX(#D1CB00)
Pantone 104,CMYK( 0, 3, 100, 30),HEX(#B3AD00)
Pantone 105,CMYK( 0, 3, 100, 50),HEX(#807C00)
Pantone 106,CMYK( 0, 2, 69, 0),HEX(#FFFA4F)
Pantone 107,CMYK( 0, 4, 79, 0),HEX(#FFF536)
Pantone 108,CMYK( 0, 6, 95, 0),HEX(#FFF00D)
Pantone 109,CMYK( 0, 10, 100, 0),HEX(#FFE600)
Pantone 110,CMYK( 0, 12, 100, 7),HEX(#EDD100)
Pantone 111,CMYK( 0, 11, 100, 27),HEX(#BAA600)
Pantone 112,CMYK( 0, 10, 100, 38),HEX(#9E8E00)
Pantone 113,CMYK( 0, 7, 66, 0),HEX(#FFED57)
Pantone 114,CMYK( 0, 8, 73, 0),HEX(#FFEB45)
Pantone 115,CMYK( 0, 9, 80, 0),HEX(#FFE833)
Pantone 116,CMYK( 0, 16, 100, 0),HEX(#FFD600)
Pantone 117,CMYK( 0, 18, 100, 15),HEX(#D9B200)
Pantone 118,CMYK( 0, 18, 100, 27),HEX(#BA9900)
Pantone 119,CMYK( 0, 12, 100, 49),HEX(#827200)
Pantone 120,CMYK( 0, 9, 58, 0),HEX(#FFE86B)
Pantone 1205,CMYK( 0, 5, 31, 0),HEX(#FFF2B0)
Pantone 121,CMYK( 0, 11, 69, 0),HEX(#FFE34F)
Pantone 1215,CMYK( 0, 9, 45, 0),HEX(#FFE88C)
Pantone 122,CMYK( 0, 17, 80, 0),HEX(#FFD433)
Pantone 1225,CMYK( 0, 17, 62, 0),HEX(#FFD461)
Pantone 123,CMYK( 0, 24, 94, 0),HEX(#FFC20F)
Pantone 1235,CMYK( 0, 29, 91, 0),HEX(#FFB517)
Pantone 124,CMYK( 0, 28, 100, 6),HEX(#F0AD00)
Pantone 1245,CMYK( 0, 28, 100, 18),HEX(#D19700)
Pantone 125,CMYK( 0, 26, 100, 26),HEX(#BD8C00)
Pantone 1255,CMYK( 0, 27, 100, 34),HEX(#A87B00)
Pantone 126,CMYK( 0, 25, 100, 37),HEX(#A17800)
Pantone 1265,CMYK( 0, 27, 100, 51),HEX(#7D5B00)
Pantone 127,CMYK( 0, 7, 50, 0),HEX(#FFED80)
Pantone 128,CMYK( 0, 11, 65, 0),HEX(#FFE359)
Pantone 129,CMYK( 0, 16, 77, 0),HEX(#FFD63B)
Pantone 130,CMYK( 0, 30, 100, 0),HEX(#FFB300)
Pantone 131,CMYK( 0, 32, 100, 9),HEX(#E89E00)
Pantone 132,CMYK( 0, 28, 100, 30),HEX(#B38100)
Pantone 133,CMYK( 0, 20, 100, 56),HEX(#705A00)
Pantone 134,CMYK( 0, 11, 45, 0),HEX(#FFE38C)
Pantone 1345,CMYK( 0, 14, 47, 0),HEX(#FFDB87)
Pantone 135,CMYK( 0, 19, 60, 0),HEX(#FFCF66)
Pantone 1355,CMYK( 0, 20, 56, 0),HEX(#FFCC70)
Pantone 136,CMYK( 0, 27, 76, 0),HEX(#FFBA3D)
Pantone 1365,CMYK( 0, 29, 72, 0),HEX(#FFB547)
Pantone 137,CMYK( 0, 35, 90, 0),HEX(#FFA61A)
Pantone 1375,CMYK( 0, 40, 90, 0),HEX(#FF991A)
Pantone 138,CMYK( 0, 42, 100, 1),HEX(#FC9200)
Pantone 1385,CMYK( 0, 44, 100, 7),HEX(#ED8500)
Pantone 139,CMYK( 0, 37, 100, 23),HEX(#C47C00)
Pantone 1395,CMYK( 0, 41, 100, 37),HEX(#A15F00)
Pantone 140,CMYK( 0, 27, 100, 54),HEX(#755600)
Pantone 1405,CMYK( 0, 36, 100, 63),HEX(#5E3C00)
Pantone 141,CMYK( 0, 19, 51, 0),HEX(#FFCF7D)
Pantone 142,CMYK( 0, 28, 76, 0),HEX(#FFB83D)
Pantone 143,CMYK( 0, 35, 85, 0),HEX(#FFA626)
Pantone 144,CMYK( 0, 48, 100, 0),HEX(#FF8500)
Pantone 145,CMYK( 0, 47, 100, 8),HEX(#EB7C00)
Pantone 146,CMYK( 0, 43, 100, 33),HEX(#AB6100)
Pantone 147,CMYK( 0, 28, 100, 56),HEX(#705100)
Pantone 148,CMYK( 0, 16, 37, 0),HEX(#FFD6A1)
Pantone 1485,CMYK( 0, 27, 54, 0),HEX(#FFBA75)
Pantone 149,CMYK( 0, 23, 47, 0),HEX(#FFC487)
Pantone 1495,CMYK( 0, 33, 67, 0),HEX(#FFAB54)
Pantone 150,CMYK( 0, 35, 70, 0),HEX(#FFA64D)
Pantone 1505,CMYK( 0, 42, 77, 0),HEX(#FF943B)
Orange 021,CMYK( 0, 53, 100, 0),HEX(#FF7800)
Pantone 151,CMYK( 0, 48, 95, 0),HEX(#FF850D)
Pantone 152,CMYK( 0, 51, 100, 1),HEX(#FC7C00)
Pantone 1525,CMYK( 0, 58, 100, 10),HEX(#E66000)
Pantone 153,CMYK( 0, 46, 100, 18),HEX(#D17100)
Pantone 1535,CMYK( 0, 53, 100, 38),HEX(#9E4A00)
Pantone 154,CMYK( 0, 46, 100, 34),HEX(#A85B00)
Pantone 1545,CMYK( 0, 53, 100, 72),HEX(#472200)
Pantone 155,CMYK( 0, 12, 28, 0),HEX(#FFE0B8)
Pantone 1555,CMYK( 0, 22, 34, 0),HEX(#FFC7A8)
Pantone 156,CMYK( 0, 22, 42, 0),HEX(#FFC794)
Pantone 1565,CMYK( 0, 34, 49, 0),HEX(#FFA882)
Pantone 157,CMYK( 0, 43, 70, 0),HEX(#FF914D)
Pantone 1575,CMYK( 0, 45, 72, 0),HEX(#FF8C47)
Pantone 158,CMYK( 0, 61, 97, 0),HEX(#FF6308)
Pantone 1585,CMYK( 0, 56, 90, 0),HEX(#FF701A)
Pantone 159,CMYK( 0, 66, 100, 7),HEX(#ED5100)
Pantone 1595,CMYK( 0, 59, 100, 5),HEX(#F26300)
Pantone 160,CMYK( 0, 62, 100, 32),HEX(#AD4200)
Pantone 1605,CMYK( 0, 56, 100, 30),HEX(#B34F00)
Pantone 161,CMYK( 0, 52, 100, 64),HEX(#5C2C00)
Pantone 1615,CMYK( 0, 56, 100, 43),HEX(#914000)
Pantone 162,CMYK( 0, 15, 22, 0),HEX(#FFD9C7)
Pantone 1625,CMYK( 0, 31, 37, 0),HEX(#FFB0A1)
Pantone 163,CMYK( 0, 31, 44, 0),HEX(#FFB08F)
Pantone 1635,CMYK( 0, 39, 48, 0),HEX(#FF9C85)
Pantone 164,CMYK( 0, 46, 73, 0),HEX(#FF8A45)
Pantone 1645,CMYK( 0, 49, 66, 0),HEX(#FF8257)
Pantone 165,CMYK( 0, 59, 96, 0),HEX(#FF690A)
Pantone 1655,CMYK( 0, 63, 91, 0),HEX(#FF5E17)
Pantone 166,CMYK( 0, 64, 100, 0),HEX(#FF5C00)
Pantone 1665,CMYK( 0, 68, 100, 0),HEX(#FF5200)
Pantone 167,CMYK( 0, 60, 100, 17),HEX(#D45500)
Pantone 1675,CMYK( 0, 67, 100, 28),HEX(#B83D00)
Pantone 168,CMYK( 0, 57, 100, 59),HEX(#692D00)
Pantone 1685,CMYK( 0, 68, 100, 44),HEX(#8F2E00)
Pantone 169,CMYK( 0, 20, 20, 0),HEX(#FFCCCC)
Pantone 170,CMYK( 0, 40, 44, 0),HEX(#FF998F)
Pantone 171,CMYK( 0, 53, 68, 0),HEX(#FF7852)
Pantone 172,CMYK( 0, 66, 88, 0),HEX(#FF571F)
Pantone 173,CMYK( 0, 69, 100, 4),HEX(#F54C00)
Pantone 174,CMYK( 0, 70, 100, 36),HEX(#A33100)
Pantone 175,CMYK( 0, 65, 100, 60),HEX(#662400)
Pantone 176,CMYK( 0, 25, 18, 0),HEX(#FFBFD1)
Pantone 1765,CMYK( 0, 38, 21, 0),HEX(#FF9EC9)
Pantone 1767,CMYK( 0, 27, 12, 0),HEX(#FFBAE0)
Pantone 177,CMYK( 0, 45, 40, 0),HEX(#FF8C99)
Pantone 1775,CMYK( 0, 47, 29, 0),HEX(#FF87B5)
Pantone 1777,CMYK( 0, 58, 36, 0),HEX(#FF6BA3)
Pantone 178,CMYK( 0, 59, 56, 0),HEX(#FF6970)
Warm Red,CMYK( 0, 75, 90, 0),HEX(#FF401A)
Pantone 1785,CMYK( 0, 67, 50, 0),HEX(#FF5480)
Pantone 1787,CMYK( 0, 76, 60, 0),HEX(#FF3D66)
Red 032,CMYK( 0, 90, 86, 0),HEX(#FF1A24)
Pantone 1788,CMYK( 0, 84, 88, 0),HEX(#FF291F)
Pantone 179,CMYK( 0, 79, 100, 0),HEX(#FF3600)
Pantone 1795,CMYK( 0, 94, 100, 0),HEX(#FF0F00)
Pantone 1797,CMYK( 0, 100, 99, 4),HEX(#F50002)
Pantone 180,CMYK( 0, 79, 100, 11),HEX(#E33000)
Pantone 1805,CMYK( 0, 91, 100, 23),HEX(#C41200)
Pantone 1807,CMYK( 0, 100, 96, 28),HEX(#B80007)
Pantone 181,CMYK( 0, 74, 100, 47),HEX(#872300)
Pantone 1815,CMYK( 0, 90, 100, 51),HEX(#7D0C00)
Pantone 1817,CMYK( 0, 90, 100, 66),HEX(#570900)
Pantone 182,CMYK( 0, 26, 10, 0),HEX(#FFBDE6)
Pantone 183,CMYK( 0, 46, 21, 0),HEX(#FF8AC9)
Pantone 184,CMYK( 0, 68, 41, 0),HEX(#FF5296)
Pantone 185,CMYK( 0, 91, 76, 0),HEX(#FF173D)
Pantone 186,CMYK( 0, 100, 81, 4),HEX(#F5002F)
Pantone 187,CMYK( 0, 100, 79, 20),HEX(#CC002B)
Pantone 188,CMYK( 0, 97, 100, 50),HEX(#800400)
Pantone 189,CMYK( 0, 37, 10, 0),HEX(#FFA1E6)
Pantone 1895,CMYK( 0, 28, 7, 0),HEX(#FFB8ED)
Pantone 190,CMYK( 0, 55, 22, 0),HEX(#FF73C7)
Pantone 1905,CMYK( 0, 41, 9, 0),HEX(#FF96E8)
Pantone 191,CMYK( 0, 76, 38, 0),HEX(#FF3D9E)
Pantone 1915,CMYK( 0, 71, 20, 0),HEX(#FF4ACC)
Pantone 192,CMYK( 0, 100, 68, 0),HEX(#FF0052)
Pantone 1925,CMYK( 0, 100, 55, 0),HEX(#FF0073)
Pantone 193,CMYK( 0, 100, 66, 13),HEX(#DE004B)
Pantone 1935,CMYK( 0, 100, 57, 5),HEX(#F20068)
Pantone 194,CMYK( 0, 100, 64, 33),HEX(#AB003E)
Pantone 1945,CMYK( 0, 100, 56, 19),HEX(#CF005B)
Pantone 195,CMYK( 0, 100, 60, 55),HEX(#73002E)
Pantone 1955,CMYK( 0, 100, 60, 37),HEX(#A10040)
Pantone 196,CMYK( 0, 25, 4, 0),HEX(#FFBFF5)
Pantone 197,CMYK( 0, 45, 10, 0),HEX(#FF8CE6)
Pantone 198,CMYK( 0, 78, 33, 0),HEX(#FF38AB)
Pantone 199,CMYK( 0, 100, 62, 0),HEX(#FF0061)
Pantone 200,CMYK( 0, 100, 63, 12),HEX(#E00053)
Pantone 201,CMYK( 0, 100, 63, 29),HEX(#B50043)
Pantone 202,CMYK( 0, 100, 61, 43),HEX(#910039)
Pantone 203,CMYK( 0, 34, 3, 0),HEX(#FFA8F7)
Pantone 204,CMYK( 0, 58, 3, 0),HEX(#FF6BF7)
Pantone 205,CMYK( 0, 84, 9, 0),HEX(#FF29E8)
Pantone 206,CMYK( 0, 100, 38, 3),HEX(#F70099)
Pantone 207,CMYK( 0, 100, 43, 19),HEX(#CF0076)
Pantone 208,CMYK( 0, 100, 36, 37),HEX(#A10067)
Pantone 209,CMYK( 0, 100, 34, 53),HEX(#78004F)
Pantone 210,CMYK( 0, 39, 6, 0),HEX(#FF9CF0)
Pantone 211,CMYK( 0, 55, 8, 0),HEX(#FF73EB)
Pantone 212,CMYK( 0, 72, 11, 0),HEX(#FF47E3)
Pantone 213,CMYK( 0, 95, 27, 0),HEX(#FF0DBA)
Pantone 214,CMYK( 0, 100, 34, 8),HEX(#EB009B)
Pantone 215,CMYK( 0, 100, 35, 27),HEX(#BA0079)
Pantone 216,CMYK( 0, 95, 40, 49),HEX(#82074E)
Pantone 217,CMYK( 0, 28, 0, 0),HEX(#FFB8FF)
Pantone 218,CMYK( 2, 61, 0, 0),HEX(#FA63FF)
Pantone 219,CMYK( 1, 88, 0, 0),HEX(#FC1FFF)
Rubine Red,CMYK( 0, 100, 15, 4),HEX(#F500D0)
Pantone 220,CMYK( 0, 100, 13, 17),HEX(#D400B8)
Pantone 221,CMYK( 0, 100, 15, 30),HEX(#B30098)
Pantone 222,CMYK( 0, 100, 10, 59),HEX(#69005E)
Pantone 223,CMYK( 0, 46, 0, 0),HEX(#FF8AFF)
Pantone 224,CMYK( 1, 63, 0, 0),HEX(#FC5EFF)
Pantone 225,CMYK( 1, 83, 0, 0),HEX(#FC2BFF)
Pantone 226,CMYK( 0, 100, 0, 0),HEX(#FF00FF)
Pantone 227,CMYK( 0, 100, 7, 19),HEX(#CF00C0)
Pantone 228,CMYK( 0, 100, 4, 41),HEX(#960090)
Pantone 229,CMYK( 0, 100, 15, 60),HEX(#660057)
Pantone 230,CMYK( 0, 34, 0, 0),HEX(#FFA8FF)
Pantone 231,CMYK( 1, 52, 0, 0),HEX(#FC7AFF)
Pantone 232,CMYK( 3, 67, 0, 0),HEX(#F754FF)
Rhodamine Red,CMYK( 3, 89, 0, 0),HEX(#F71CFF)
Pantone 233,CMYK( 11, 100, 0, 0),HEX(#E300FF)
Pantone 234,CMYK( 6, 100, 0, 26),HEX(#B100BD)
Pantone 235,CMYK( 5, 100, 0, 40),HEX(#910099)
Pantone 236,CMYK( 1, 30, 0, 0),HEX(#FCB3FF)
Pantone 2365,CMYK( 2, 27, 0, 0),HEX(#FABAFF)
Pantone 237,CMYK( 3, 49, 0, 0),HEX(#F782FF)
Pantone 2375,CMYK( 10, 57, 0, 0),HEX(#E66EFF)
Pantone 238,CMYK( 6, 63, 0, 0),HEX(#F05EFF)
Pantone 2385,CMYK( 19, 79, 0, 0),HEX(#CF36FF)
Pantone 239,CMYK( 11, 79, 0, 0),HEX(#E336FF)
Pantone 2395,CMYK( 27, 95, 0, 0),HEX(#BA0DFF)
Pantone 240,CMYK( 18, 94, 0, 0),HEX(#D10FFF)
Pantone 2405,CMYK( 34, 100, 0, 0),HEX(#A800FF)
Pantone 241,CMYK( 27, 100, 0, 2),HEX(#B600FA)
Pantone 2415,CMYK( 33, 100, 0, 8),HEX(#9D00EB)
Pantone 242,CMYK( 10, 100, 0, 49),HEX(#750082)
Pantone 2425,CMYK( 37, 100, 0, 26),HEX(#7700BD)
Pantone 243,CMYK( 5, 29, 0, 0),HEX(#F2B5FF)
Pantone 244,CMYK( 9, 38, 0, 0),HEX(#E89EFF)
Pantone 245,CMYK( 14, 53, 0, 0),HEX(#DB78FF)
Pantone 246,CMYK( 29, 90, 0, 0),HEX(#B51AFF)
Pantone 247,CMYK( 36, 100, 0, 0),HEX(#A300FF)
Pantone 248,CMYK( 40, 100, 0, 2),HEX(#9600FA)
Pantone 249,CMYK( 40, 100, 0, 28),HEX(#6E00B8)
Pantone 250,CMYK( 5, 18, 0, 0),HEX(#F2D1FF)
Pantone 251,CMYK( 13, 39, 0, 0),HEX(#DE9CFF)
Pantone 252,CMYK( 24, 56, 0, 0),HEX(#C270FF)
Purple,CMYK( 38, 88, 0, 0),HEX(#9E1FFF)
Pantone 253,CMYK( 43, 95, 0, 0),HEX(#910DFF)
Pantone 254,CMYK( 50, 100, 0, 0),HEX(#8000FF)
Pantone 255,CMYK( 51, 100, 0, 25),HEX(#5E00BF)
Pantone 256,CMYK( 7, 20, 0, 0),HEX(#EDCCFF)
Pantone 2562,CMYK( 19, 35, 0, 0),HEX(#CFA6FF)
Pantone 2563,CMYK( 22, 33, 0, 0),HEX(#C7ABFF)
Pantone 2567,CMYK( 29, 36, 0, 0),HEX(#B5A3FF)
Pantone 257,CMYK( 14, 34, 0, 0),HEX(#DBA8FF)
Pantone 2572,CMYK( 30, 47, 0, 0),HEX(#B387FF)
Pantone 2573,CMYK( 30, 43, 0, 0),HEX(#B391FF)
Pantone 2577,CMYK( 40, 45, 0, 0),HEX(#998CFF)
Pantone 258,CMYK( 43, 76, 0, 0),HEX(#913DFF)
Pantone 2582,CMYK( 46, 72, 0, 0),HEX(#8A47FF)
Pantone 2583,CMYK( 46, 63, 0, 0),HEX(#8A5EFF)
Pantone 2587,CMYK( 59, 66, 0, 0),HEX(#6957FF)
Pantone 259,CMYK( 56, 100, 0, 15),HEX(#5F00D9)
Pantone 2592,CMYK( 60, 90, 0, 0),HEX(#661AFF)
Pantone 2593,CMYK( 61, 89, 0, 0),HEX(#631CFF)
Pantone 2597,CMYK( 85, 100, 0, 0),HEX(#2600FF)
Pantone 260,CMYK( 52, 100, 0, 26),HEX(#5B00BD)
Pantone 2602,CMYK( 63, 100, 0, 3),HEX(#5C00F7)
Pantone 2603,CMYK( 69, 100, 0, 2),HEX(#4D00FA)
Pantone 2607,CMYK( 81, 100, 0, 7),HEX(#2D00ED)
Pantone 261,CMYK( 48, 100, 0, 40),HEX(#500099)
Pantone 2612,CMYK( 64, 100, 0, 14),HEX(#4F00DB)
Pantone 2613,CMYK( 63, 100, 0, 15),HEX(#5000D9)
Pantone 2617,CMYK( 79, 100, 0, 15),HEX(#2E00D9)
Pantone 262,CMYK( 45, 100, 0, 55),HEX(#3F0073)
Pantone 2622,CMYK( 58, 100, 0, 44),HEX(#3C008F)
Pantone 2623,CMYK( 59, 100, 0, 32),HEX(#4700AD)
Pantone 2627,CMYK( 77, 100, 0, 31),HEX(#2800B0)
Pantone 263,CMYK( 10, 14, 0, 0),HEX(#E6DBFF)
Pantone 2635,CMYK( 28, 27, 0, 0),HEX(#B8BAFF)
Pantone 264,CMYK( 26, 28, 0, 0),HEX(#BDB8FF)
Pantone 2645,CMYK( 40, 36, 0, 0),HEX(#99A3FF)
Pantone 265,CMYK( 54, 56, 0, 0),HEX(#7570FF)
Pantone 2655,CMYK( 54, 49, 0, 0),HEX(#7582FF)
Pantone 266,CMYK( 79, 90, 0, 0),HEX(#361AFF)
Pantone 2665,CMYK( 62, 60, 0, 0),HEX(#6166FF)
Violet,CMYK( 98, 100, 0, 0),HEX(#0500FF)
Pantone 267,CMYK( 89, 100, 0, 0),HEX(#1C00FF)
Pantone 268,CMYK( 82, 100, 0, 12),HEX(#2800E0)
Pantone 2685,CMYK( 96, 100, 0, 10),HEX(#0900E6)
Pantone 269,CMYK( 78, 100, 0, 33),HEX(#2600AB)
Pantone 2695,CMYK( 91, 100, 0, 49),HEX(#0C0082)
Pantone 270,CMYK( 31, 27, 0, 0),HEX(#B0BAFF)
Pantone 2705,CMYK( 40, 30, 0, 0),HEX(#99B3FF)
Pantone 2706,CMYK( 19, 9, 0, 0),HEX(#CFE8FF)
Pantone 2707,CMYK( 17, 6, 0, 0),HEX(#D4F0FF)
Pantone 2708,CMYK( 26, 10, 0, 0),HEX(#BDE6FF)
Pantone 271,CMYK( 43, 37, 0, 0),HEX(#91A1FF)
Pantone 2715,CMYK( 57, 45, 0, 0),HEX(#6E8CFF)
Pantone 2716,CMYK( 45, 29, 0, 0),HEX(#8CB5FF)
Pantone 2717,CMYK( 29, 12, 0, 0),HEX(#B5E0FF)
Pantone 2718,CMYK( 67, 41, 0, 0),HEX(#5496FF)
Pantone 272,CMYK( 58, 48, 0, 0),HEX(#6B85FF)
Pantone 2725,CMYK( 77, 68, 0, 0),HEX(#3B52FF)
Pantone 2726,CMYK( 79, 66, 0, 0),HEX(#3657FF)
Pantone 2727,CMYK( 71, 42, 0, 0),HEX(#4A94FF)
Blue 072,CMYK( 100, 88, 0, 5),HEX(#001DF2)
Pantone 2728,CMYK( 96, 69, 0, 0),HEX(#0A4FFF)
Pantone 273,CMYK( 100, 96, 0, 8),HEX(#0009EB)
Pantone 2735,CMYK( 100, 95, 0, 0),HEX(#000DFF)
Pantone 2736,CMYK( 100, 91, 0, 0),HEX(#0017FF)
Pantone 2738,CMYK( 100, 87, 0, 2),HEX(#0020FA)
Pantone 274,CMYK( 100, 100, 0, 28),HEX(#0000B8)
Pantone 2745,CMYK( 100, 95, 0, 15),HEX(#000BD9)
Pantone 2746,CMYK( 100, 92, 0, 10),HEX(#0012E6)
Pantone 2747,CMYK( 100, 86, 0, 15),HEX(#001ED9)
Pantone 2748,CMYK( 100, 88, 0, 15),HEX(#001AD9)
Pantone 275,CMYK( 98, 100, 0, 43),HEX(#030091)
Pantone 2755,CMYK( 100, 97, 0, 30),HEX(#0005B3)
Pantone 2756,CMYK( 100, 94, 0, 29),HEX(#000BB5)
Pantone 2757,CMYK( 100, 82, 0, 30),HEX(#0020B3)
Pantone 2758,CMYK( 100, 80, 0, 26),HEX(#0026BD)
Pantone 276,CMYK( 98, 100, 0, 55),HEX(#020073)
Pantone 2765,CMYK( 100, 97, 0, 45),HEX(#00048C)
Pantone 2766,CMYK( 100, 94, 0, 47),HEX(#000887)
Pantone 2767,CMYK( 100, 78, 0, 54),HEX(#001A75)
Pantone 2768,CMYK( 100, 78, 0, 44),HEX(#001F8F)
Pantone 277,CMYK( 27, 7, 0, 0),HEX(#BAEDFF)
Pantone 278,CMYK( 39, 14, 0, 0),HEX(#9CDBFF)
Pantone 279,CMYK( 68, 34, 0, 0),HEX(#52A8FF)
Reflex Blue,CMYK( 100, 73, 0, 2),HEX(#0043FA)
Pantone 280,CMYK( 100, 72, 0, 18),HEX(#003BD1)
Pantone 281,CMYK( 100, 72, 0, 32),HEX(#0031AD)
Pantone 282,CMYK( 100, 68, 0, 54),HEX(#002675)
Pantone 283,CMYK( 35, 9, 0, 0),HEX(#A6E8FF)
Pantone 284,CMYK( 55, 19, 0, 0),HEX(#73CFFF)
Pantone 285,CMYK( 89, 43, 0, 0),HEX(#1C91FF)
Pantone 286,CMYK( 100, 66, 0, 2),HEX(#0055FA)
Pantone 287,CMYK( 100, 68, 0, 12),HEX(#0048E0)
Pantone 288,CMYK( 100, 67, 0, 23),HEX(#0041C4)
Pantone 289,CMYK( 100, 66, 0, 58),HEX(#00246B)
Pantone 290,CMYK( 25, 2, 0, 0),HEX(#BFFAFF)
Pantone 2905,CMYK( 41, 2, 0, 0),HEX(#96FAFF)
Pantone 291,CMYK( 33, 3, 0, 0),HEX(#ABF7FF)
Pantone 2915,CMYK( 59, 7, 0, 0),HEX(#69EDFF)
Pantone 292,CMYK( 49, 11, 0, 0),HEX(#82E3FF)
Pantone 2925,CMYK( 85, 24, 0, 0),HEX(#26C2FF)
Pantone 293,CMYK( 100, 57, 0, 2),HEX(#006BFA)
Pantone 2935,CMYK( 100, 46, 0, 0),HEX(#008AFF)
Pantone 294,CMYK( 100, 58, 0, 21),HEX(#0055C9)
Pantone 2945,CMYK( 100, 45, 0, 14),HEX(#0079DB)
Pantone 295,CMYK( 100, 57, 0, 37),HEX(#0045A1)
Pantone 2955,CMYK( 100, 45, 0, 37),HEX(#0058A1)
Pantone 296,CMYK( 100, 46, 0, 70),HEX(#00294D)
Pantone 2965,CMYK( 100, 38, 0, 64),HEX(#00395C)
Pantone 297,CMYK( 49, 1, 0, 0),HEX(#82FCFF)
Pantone 2975,CMYK( 30, 0, 5, 0),HEX(#B3FFF2)
Pantone 298,CMYK( 69, 7, 0, 0),HEX(#4FEDFF)
Pantone 2985,CMYK( 59, 0, 6, 0),HEX(#69FFF0)
Pantone 299,CMYK( 85, 19, 0, 0),HEX(#26CFFF)
Pantone 2995,CMYK( 90, 11, 0, 0),HEX(#1AE3FF)
Pantone 300,CMYK( 100, 44, 0, 0),HEX(#008FFF)
Pantone 3005,CMYK( 100, 36, 0, 2),HEX(#00A0FA)
Pantone 301,CMYK( 100, 45, 0, 18),HEX(#0073D1)
Pantone 3015,CMYK( 100, 33, 0, 20),HEX(#0089CC)
Pantone 302,CMYK( 100, 25, 0, 50),HEX(#006080)
Pantone 3025,CMYK( 100, 17, 0, 51),HEX(#00687D)
Pantone 303,CMYK( 100, 11, 0, 74),HEX(#003B42)
Pantone 3035,CMYK( 100, 0, 5, 72),HEX(#004744)
Pantone 304,CMYK( 30, 0, 8, 0),HEX(#B3FFEB)
Pantone 305,CMYK( 51, 0, 9, 0),HEX(#7DFFE8)
Pantone 306,CMYK( 75, 0, 7, 0),HEX(#40FFED)
Process Blue,CMYK( 100, 10, 0, 10),HEX(#00CFE6)
Pantone 307,CMYK( 100, 16, 0, 27),HEX(#009CBA)
Pantone 308,CMYK( 100, 5, 0, 47),HEX(#008087)
Pantone 309,CMYK( 100, 0, 9, 72),HEX(#004741)
Pantone 310,CMYK( 43, 0, 10, 0),HEX(#91FFE6)
Pantone 3105,CMYK( 43, 0, 12, 0),HEX(#91FFE0)
Pantone 311,CMYK( 63, 0, 12, 0),HEX(#5EFFE0)
Pantone 3115,CMYK( 63, 0, 18, 0),HEX(#5EFFD1)
Pantone 312,CMYK( 96, 0, 11, 0),HEX(#0AFFE3)
Pantone 3125,CMYK( 83, 0, 21, 0),HEX(#2BFFC9)
Pantone 313,CMYK( 100, 0, 8, 13),HEX(#00DECC)
Pantone 3135,CMYK( 100, 0, 16, 9),HEX(#00E8C3)
Pantone 314,CMYK( 100, 0, 9, 30),HEX(#00B3A2)
Pantone 3145,CMYK( 100, 0, 19, 23),HEX(#00C49F)
Pantone 315,CMYK( 100, 0, 12, 43),HEX(#009180)
Pantone 3155,CMYK( 100, 0, 24, 38),HEX(#009E78)
Pantone 316,CMYK( 100, 0, 27, 68),HEX(#00523C)
Pantone 3165,CMYK( 100, 0, 28, 65),HEX(#005940)
Pantone 317,CMYK( 18, 0, 8, 0),HEX(#D1FFEB)
Pantone 318,CMYK( 38, 0, 15, 0),HEX(#9EFFD9)
Pantone 319,CMYK( 52, 0, 19, 0),HEX(#7AFFCF)
Pantone 320,CMYK( 100, 0, 31, 7),HEX(#00EDA4)
Pantone 321,CMYK( 100, 0, 31, 23),HEX(#00C487)
Pantone 322,CMYK( 100, 0, 33, 35),HEX(#00A66F)
Pantone 323,CMYK( 100, 0, 38, 47),HEX(#008754)
Pantone 324,CMYK( 28, 0, 12, 0),HEX(#B8FFE0)
Pantone 3242,CMYK( 37, 0, 18, 0),HEX(#A1FFD1)
Pantone 3245,CMYK( 34, 0, 19, 0),HEX(#A8FFCF)
Pantone 3248,CMYK( 43, 0, 24, 0),HEX(#91FFC2)
Pantone 325,CMYK( 56, 0, 26, 0),HEX(#70FFBD)
Pantone 3252,CMYK( 47, 0, 24, 0),HEX(#87FFC2)
Pantone 3255,CMYK( 49, 0, 28, 0),HEX(#82FFB8)
Pantone 3258,CMYK( 59, 0, 33, 0),HEX(#69FFAB)
Pantone 326,CMYK( 87, 0, 38, 0),HEX(#21FF9E)
Pantone 3262,CMYK( 71, 0, 33, 0),HEX(#4AFFAB)
Pantone 3265,CMYK( 69, 0, 37, 0),HEX(#4FFFA1)
Pantone 3268,CMYK( 90, 0, 49, 0),HEX(#1AFF82)
Pantone 327,CMYK( 100, 0, 44, 17),HEX(#00D477)
Pantone 3272,CMYK( 100, 0, 44, 0),HEX(#00FF8F)
Pantone 3275,CMYK( 95, 0, 47, 0),HEX(#0DFF87)
Pantone 3278,CMYK( 100, 0, 55, 5),HEX(#00F26D)
Pantone 328,CMYK( 100, 0, 45, 32),HEX(#00AD5F)
Pantone 3282,CMYK( 100, 0, 46, 15),HEX(#00D975)
Pantone 3285,CMYK( 100, 0, 50, 7),HEX(#00ED77)
Pantone 3288,CMYK( 100, 0, 54, 20),HEX(#00CC5E)
Pantone 329,CMYK( 100, 0, 46, 46),HEX(#008A4A)
Pantone 3292,CMYK( 100, 0, 49, 46),HEX(#008A46)
Pantone 3295,CMYK( 100, 0, 53, 21),HEX(#00C95F)
Pantone 3298,CMYK( 100, 0, 57, 42),HEX(#009440)
Pantone 330,CMYK( 100, 0, 48, 60),HEX(#006635)
Pantone 3302,CMYK( 100, 0, 54, 69),HEX(#004F24)
Pantone 3305,CMYK( 100, 0, 61, 61),HEX(#006327)
Pantone 3308,CMYK( 100, 0, 60, 72),HEX(#00471D)
Pantone 331,CMYK( 24, 0, 16, 0),HEX(#C2FFD6)
Pantone 332,CMYK( 30, 0, 20, 0),HEX(#B3FFCC)
Pantone 333,CMYK( 43, 0, 27, 0),HEX(#91FFBA)
Green,CMYK( 100, 0, 59, 0),HEX(#00FF69)
Pantone 334,CMYK( 100, 0, 60, 3),HEX(#00F763)
Pantone 335,CMYK( 100, 0, 65, 30),HEX(#00B33E)
Pantone 336,CMYK( 100, 0, 67, 47),HEX(#00872D)
Pantone 337,CMYK( 31, 0, 20, 0),HEX(#B0FFCC)
Pantone 3375,CMYK( 35, 0, 25, 0),HEX(#A6FFBF)
Pantone 338,CMYK( 47, 0, 32, 0),HEX(#87FFAD)
Pantone 3385,CMYK( 45, 0, 33, 0),HEX(#8CFFAB)
Pantone 339,CMYK( 84, 0, 56, 0),HEX(#29FF70)
Pantone 3395,CMYK( 61, 0, 45, 0),HEX(#63FF8C)
Pantone 340,CMYK( 100, 0, 66, 9),HEX(#00E84F)
Pantone 3405,CMYK( 85, 0, 65, 0),HEX(#26FF59)
Pantone 341,CMYK( 100, 0, 67, 29),HEX(#00B53C)
Pantone 3415,CMYK( 100, 0, 77, 22),HEX(#00C72E)
Pantone 342,CMYK( 100, 0, 71, 43),HEX(#00912A)
Pantone 3425,CMYK( 100, 0, 78, 42),HEX(#009421)
Pantone 343,CMYK( 98, 0, 72, 61),HEX(#02631C)
Pantone 3435,CMYK( 100, 0, 81, 66),HEX(#005710)
Pantone 344,CMYK( 27, 0, 23, 0),HEX(#BAFFC4)
Pantone 345,CMYK( 38, 0, 32, 0),HEX(#9EFFAD)
Pantone 346,CMYK( 55, 0, 47, 0),HEX(#73FF87)
Pantone 347,CMYK( 100, 0, 86, 3),HEX(#00F723)
Pantone 348,CMYK( 100, 0, 85, 24),HEX(#00C21D)
Pantone 349,CMYK( 100, 0, 91, 42),HEX(#00940D)
Pantone 350,CMYK( 79, 0, 100, 75),HEX(#0D4000)
Pantone 351,CMYK( 17, 0, 16, 0),HEX(#D4FFD6)
Pantone 352,CMYK( 27, 0, 25, 0),HEX(#BAFFBF)
Pantone 353,CMYK( 38, 0, 36, 0),HEX(#9EFFA3)
Pantone 354,CMYK( 80, 0, 90, 0),HEX(#33FF1A)
Pantone 355,CMYK( 94, 0, 100, 0),HEX(#0FFF00)
Pantone 356,CMYK( 95, 0, 100, 27),HEX(#09BA00)
Pantone 357,CMYK( 80, 0, 100, 56),HEX(#167000)
Pantone 358,CMYK( 27, 0, 38, 0),HEX(#BAFF9E)
Pantone 359,CMYK( 36, 0, 49, 0),HEX(#A3FF82)
Pantone 360,CMYK( 58, 0, 80, 0),HEX(#6BFF33)
Pantone 361,CMYK( 69, 0, 100, 0),HEX(#4FFF00)
Pantone 362,CMYK( 70, 0, 100, 9),HEX(#46E800)
Pantone 363,CMYK( 68, 0, 100, 24),HEX(#3EC200)
Pantone 364,CMYK( 65, 0, 100, 42),HEX(#349400)
Pantone 365,CMYK( 12, 0, 29, 0),HEX(#E0FFB5)
Pantone 366,CMYK( 20, 0, 44, 0),HEX(#CCFF8F)
Pantone 367,CMYK( 32, 0, 59, 0),HEX(#ADFF69)
Pantone 368,CMYK( 57, 0, 100, 0),HEX(#6EFF00)
Pantone 369,CMYK( 59, 0, 100, 7),HEX(#61ED00)
Pantone 370,CMYK( 56, 0, 100, 27),HEX(#52BA00)
Pantone 371,CMYK( 43, 0, 100, 56),HEX(#407000)
Pantone 372,CMYK( 10, 0, 33, 0),HEX(#E6FFAB)
Pantone 373,CMYK( 16, 0, 46, 0),HEX(#D6FF8A)
Pantone 374,CMYK( 24, 0, 57, 0),HEX(#C2FF6E)
Pantone 375,CMYK( 41, 0, 78, 0),HEX(#96FF38)
Pantone 376,CMYK( 52, 0, 100, 5),HEX(#74F200)
Pantone 377,CMYK( 45, 0, 100, 24),HEX(#6BC200)
Pantone 378,CMYK( 34, 0, 100, 60),HEX(#436600)
Pantone 379,CMYK( 9, 0, 58, 0),HEX(#E8FF6B)
Pantone 380,CMYK( 13, 0, 72, 0),HEX(#DEFF47)
Pantone 381,CMYK( 20, 0, 91, 0),HEX(#CCFF17)
Pantone 382,CMYK( 29, 0, 100, 0),HEX(#B5FF00)
Pantone 383,CMYK( 20, 0, 100, 19),HEX(#A5CF00)
Pantone 384,CMYK( 18, 0, 100, 31),HEX(#90B000)
Pantone 385,CMYK( 3, 0, 100, 58),HEX(#686B00)
Pantone 386,CMYK( 6, 0, 56, 0),HEX(#F0FF70)
Pantone 387,CMYK( 10, 0, 74, 0),HEX(#E6FF42)
Pantone 388,CMYK( 14, 0, 79, 0),HEX(#DBFF36)
Pantone 389,CMYK( 20, 0, 85, 0),HEX(#CCFF26)
Pantone 390,CMYK( 22, 0, 100, 8),HEX(#B7EB00)
Pantone 391,CMYK( 13, 0, 100, 33),HEX(#95AB00)
Pantone 392,CMYK( 7, 0, 100, 49),HEX(#798200)
Pantone 393,CMYK( 3, 0, 55, 0),HEX(#F7FF73)
Pantone 3935,CMYK( 1, 0, 68, 0),HEX(#FCFF52)
Pantone 394,CMYK( 6, 0, 76, 0),HEX(#F0FF3D)
Pantone 3945,CMYK( 3, 0, 85, 0),HEX(#F7FF26)
Pantone 395,CMYK( 8, 0, 85, 0),HEX(#EBFF26)
Pantone 3955,CMYK( 6, 0, 100, 0),HEX(#F0FF00)
Pantone 396,CMYK( 11, 0, 94, 0),HEX(#E3FF0F)
Pantone 3965,CMYK( 8, 0, 100, 0),HEX(#EBFF00)
Pantone 397,CMYK( 10, 0, 100, 11),HEX(#CCE300)
Pantone 3975,CMYK( 0, 0, 100, 29),HEX(#B5B500)
Pantone 398,CMYK( 7, 0, 100, 28),HEX(#ABB800)
Pantone 3985,CMYK( 0, 3, 100, 41),HEX(#969200)
Pantone 399,CMYK( 0, 0, 100, 43),HEX(#919100)
Pantone 3995,CMYK( 0, 3, 100, 64),HEX(#5C5900)
Pantone 400,CMYK( 0, 3, 6, 16),HEX(#D6D0C9)
Pantone 401,CMYK( 0, 5, 11, 23),HEX(#C4BBAF)
Pantone 402,CMYK( 0, 6, 14, 31),HEX(#B0A597)
Pantone 403,CMYK( 0, 7, 17, 43),HEX(#918779)
Pantone 404,CMYK( 0, 8, 22, 56),HEX(#706758)
Pantone 405,CMYK( 0, 10, 33, 72),HEX(#474030)
Black,CMYK( 0, 13, 49, 98),HEX(#050403)
Pantone 406,CMYK( 0, 5, 6, 16),HEX(#D6CBC9)
Pantone 407,CMYK( 0, 8, 9, 26),HEX(#BDAEAC)
Pantone 408,CMYK( 0, 10, 11, 34),HEX(#A89796)
Pantone 409,CMYK( 0, 13, 15, 45),HEX(#8C7A77)
Pantone 410,CMYK( 0, 18, 21, 56),HEX(#705C59)
Pantone 411,CMYK( 0, 27, 36, 72),HEX(#47342E)
Pantone 412,CMYK( 0, 30, 66, 98),HEX(#050402)
Pantone 413,CMYK( 0, 0, 9, 20),HEX(#CCCCBA)
Pantone 414,CMYK( 0, 0, 10, 30),HEX(#B3B3A1)
Pantone 415,CMYK( 0, 0, 12, 41),HEX(#969684)
Pantone 416,CMYK( 0, 0, 16, 50),HEX(#80806B)
Pantone 417,CMYK( 1, 0, 25, 65),HEX(#585943)
Pantone 418,CMYK( 3, 0, 31, 75),HEX(#3E402C)
Pantone 419,CMYK( 29, 0, 36, 100),HEX(#000000)
Pantone 420,CMYK( 0, 0, 0, 15),HEX(#D9D9D9)
Pantone 421,CMYK( 0, 0, 0, 26),HEX(#BDBDBD)
Pantone 422,CMYK( 0, 0, 0, 33),HEX(#ABABAB)
Pantone 423,CMYK( 0, 0, 0, 44),HEX(#8F8F8F)
Pantone 424,CMYK( 0, 0, 0, 61),HEX(#636363)
Pantone 425,CMYK( 0, 0, 0, 77),HEX(#3B3B3B)
Pantone 426,CMYK( 0, 0, 0, 100),HEX(#000000)
Pantone 427,CMYK( 0, 0, 0, 11),HEX(#E3E3E3)
Pantone 428,CMYK( 2, 0, 0, 18),HEX(#CDD1D1)
Pantone 429,CMYK( 3, 0, 0, 32),HEX(#A8ADAD)
Pantone 430,CMYK( 5, 0, 0, 45),HEX(#858C8C)
Pantone 431,CMYK( 11, 1, 0, 64),HEX(#525B5C)
Pantone 432,CMYK( 23, 2, 0, 77),HEX(#2D393B)
Pantone 433,CMYK( 33, 3, 0, 95),HEX(#090C0D)
Pantone 434,CMYK( 7, 10, 9, 0),HEX(#EDE6E8)
Pantone 435,CMYK( 13, 16, 14, 0),HEX(#DED6DB)
Pantone 436,CMYK( 24, 25, 25, 0),HEX(#C2BFBF)
Pantone 437,CMYK( 46, 45, 46, 0),HEX(#8A8C8A)
Pantone 438,CMYK( 75, 70, 100, 10),HEX(#394500)
Pantone 439,CMYK( 80, 75, 100, 20),HEX(#293300)
Pantone 440,CMYK( 82, 78, 100, 30),HEX(#202700)
Pantone 441,CMYK( 6, 0, 7, 9),HEX(#DAE8D8)
Pantone 442,CMYK( 8, 0, 9, 19),HEX(#BECFBC)
Pantone 443,CMYK( 12, 0, 12, 30),HEX(#9DB39D)
Pantone 444,CMYK( 15, 0, 15, 42),HEX(#7E947E)
Pantone 445,CMYK( 20, 0, 20, 65),HEX(#475947)
Pantone 446,CMYK( 21, 0, 23, 75),HEX(#324031)
Pantone 447,CMYK( 16, 0, 31, 82),HEX(#272E20)
Warm Gray 1,CMYK( 0, 2, 3, 6),HEX(#F0EBE9)
Warm Gray 2,CMYK( 0, 2, 5, 9),HEX(#E8E3DC)
Warm Gray 3,CMYK( 0, 4, 8, 17),HEX(#D4CBC3)
Warm Gray 4,CMYK( 0, 4, 9, 24),HEX(#C2BAB0)
Warm Gray 5,CMYK( 0, 5, 10, 29),HEX(#B5ACA3)
Warm Gray 6,CMYK( 0, 6, 12, 31),HEX(#B0A59B)
Warm Gray 7,CMYK( 0, 8, 14, 38),HEX(#9E9188)
Warm Gray 8,CMYK( 0, 9, 16, 43),HEX(#91847A)
Warm Gray 9,CMYK( 0, 11, 20, 47),HEX(#87786C)
Warm Gray 10,CMYK( 0, 14, 28, 55),HEX(#736353)
Warm Gray 11,CMYK( 0, 17, 34, 62),HEX(#615040)
Cool Gray 1,CMYK( 0, 0, 0, 6),HEX(#F0F0F0)
Cool Gray 2,CMYK( 0, 0, 0, 11),HEX(#E3E3E3)
Cool Gray 3,CMYK( 0, 0, 0, 18),HEX(#D1D1D1)
Cool Gray 4,CMYK( 0, 0, 0, 27),HEX(#BABABA)
Cool Gray 5,CMYK( 0, 0, 0, 34),HEX(#A8A8A8)
Cool Gray 6,CMYK( 0, 0, 0, 38),HEX(#9E9E9E)
Cool Gray 7,CMYK( 0, 0, 0, 47),HEX(#878787)
Cool Gray 8,CMYK( 0, 0, 0, 56),HEX(#707070)
Cool Gray 9,CMYK( 0, 0, 0, 65),HEX(#595959)
Cool Gray 10,CMYK( 0, 0, 0, 72),HEX(#474747)
Cool Gray 11,CMYK( 0, 0, 0, 79),HEX(#363636)
Pantone 448,CMYK( 75, 65, 100, 30),HEX(#2D3E00)
Pantone 4485,CMYK( 0, 26, 100, 69),HEX(#4F3A00)
Pantone 449,CMYK( 70, 60, 100, 20),HEX(#3D5200)
Pantone 4495,CMYK( 0, 20, 95, 46),HEX(#8A6E07)
Pantone 450,CMYK( 65, 55, 100, 10),HEX(#506700)
Pantone 4505,CMYK( 0, 15, 78, 36),HEX(#A38B24)
Pantone 451,CMYK( 33, 29, 55, 0),HEX(#ABB573)
Pantone 4515,CMYK( 0, 9, 50, 24),HEX(#C2B061)
Pantone 452,CMYK( 24, 19, 39, 0),HEX(#C2CF9C)
Pantone 4525,CMYK( 0, 7, 39, 17),HEX(#D4C581)
Pantone 453,CMYK( 14, 11, 25, 0),HEX(#DBE3BF)
Pantone 4535,CMYK( 0, 4, 30, 11),HEX(#E3DA9F)
Pantone 454,CMYK( 9, 7, 16, 0),HEX(#E8EDD6)
Pantone 4545,CMYK( 0, 3, 19, 6),HEX(#F0E9C2)
Pantone 455,CMYK( 0, 17, 100, 65),HEX(#594A00)
Pantone 456,CMYK( 0, 15, 100, 43),HEX(#917C00)
Pantone 457,CMYK( 0, 15, 100, 28),HEX(#B89C00)
Pantone 458,CMYK( 10, 10, 73, 0),HEX(#E6E645)
Pantone 459,CMYK( 6, 7, 55, 0),HEX(#F0ED73)
Pantone 460,CMYK( 4, 5, 44, 0),HEX(#F5F28F)
Pantone 461,CMYK( 3, 3, 35, 0),HEX(#F7F7A6)
Pantone 462,CMYK( 50, 70, 100, 50),HEX(#402600)
Pantone 4625,CMYK( 0, 60, 100, 79),HEX(#361500)
Pantone 463,CMYK( 30, 60, 100, 40),HEX(#6B3D00)
Pantone 4635,CMYK( 0, 48, 96, 44),HEX(#8F4A06)
Pantone 464,CMYK( 10, 50, 100, 35),HEX(#955300)
Pantone 4645,CMYK( 0, 37, 68, 28),HEX(#B8743B)
Pantone 465,CMYK( 20, 32, 58, 0),HEX(#CCAD6B)
Pantone 4655,CMYK( 0, 26, 45, 18),HEX(#D19B73)
Pantone 466,CMYK( 12, 22, 43, 0),HEX(#E0C791)
Pantone 4665,CMYK( 0, 18, 32, 10),HEX(#E6BC9C)
Pantone 467,CMYK( 9, 15, 34, 0),HEX(#E8D9A8)
Pantone 4675,CMYK( 0, 11, 21, 6),HEX(#F0D5BD)
Pantone 468,CMYK( 6, 9, 23, 0),HEX(#F0E8C4)
Pantone 4685,CMYK( 0, 7, 14, 4),HEX(#F5E4D3)
Pantone 469,CMYK( 0, 65, 100, 71),HEX(#4A1A00)
Pantone 4695,CMYK( 0, 81, 100, 74),HEX(#420D00)
Pantone 470,CMYK( 0, 58, 100, 33),HEX(#AB4800)
Pantone 4705,CMYK( 0, 62, 71, 49),HEX(#823126)
Pantone 471,CMYK( 0, 59, 100, 18),HEX(#D15600)
Pantone 4715,CMYK( 0, 42, 45, 34),HEX(#A8625D)
Pantone 472,CMYK( 0, 34, 52, 0),HEX(#FFA87A)
Pantone 4725,CMYK( 0, 32, 35, 25),HEX(#BF827C)
Pantone 473,CMYK( 0, 23, 36, 0),HEX(#FFC4A3)
Pantone 4735,CMYK( 0, 22, 23, 15),HEX(#D9A9A7)
Pantone 474,CMYK( 0, 15, 26, 0),HEX(#FFD9BD)
Pantone 4745,CMYK( 0, 17, 18, 10),HEX(#E6BEBC)
Pantone 475,CMYK( 0, 11, 20, 0),HEX(#FFE3CC)
Pantone 4755,CMYK( 0, 10, 12, 6),HEX(#F0D8D3)
Pantone 476,CMYK( 60, 80, 100, 45),HEX(#381C00)
Pantone 477,CMYK( 50, 85, 100, 38),HEX(#4F1800)
Pantone 478,CMYK( 40, 90, 100, 30),HEX(#6B1200)
Pantone 479,CMYK( 31, 48, 55, 0),HEX(#B08573)
Pantone 480,CMYK( 15, 29, 31, 0),HEX(#D9B5B0)
Pantone 481,CMYK( 9, 19, 21, 0),HEX(#E8CFC9)
Pantone 482,CMYK( 5, 12, 13, 0),HEX(#F2E0DE)
Pantone 483,CMYK( 0, 93, 100, 60),HEX(#660700)
Pantone 484,CMYK( 0, 95, 100, 29),HEX(#B50900)
Pantone 485,CMYK( 0, 95, 100, 0),HEX(#FF0D00)
Pantone 486,CMYK( 0, 47, 41, 0),HEX(#FF8796)
Pantone 487,CMYK( 0, 35, 28, 0),HEX(#FFA6B8)
Pantone 488,CMYK( 0, 26, 19, 0),HEX(#FFBDCF)
Pantone 489,CMYK( 0, 15, 11, 0),HEX(#FFD9E3)
Pantone 490,CMYK( 0, 74, 100, 72),HEX(#471300)
Pantone 491,CMYK( 0, 79, 100, 52),HEX(#7A1A00)
Pantone 492,CMYK( 0, 77, 100, 42),HEX(#942200)
Pantone 493,CMYK( 0, 46, 23, 5),HEX(#F283BB)
Pantone 494,CMYK( 0, 33, 13, 0),HEX(#FFABDE)
Pantone 495,CMYK( 0, 24, 11, 0),HEX(#FFC2E3)
Pantone 496,CMYK( 0, 16, 9, 0),HEX(#FFD6E8)
Pantone 497,CMYK( 0, 70, 100, 78),HEX(#381100)
Pantone 4975,CMYK( 0, 73, 100, 80),HEX(#330E00)
Pantone 498,CMYK( 0, 64, 100, 60),HEX(#662500)
Pantone 4985,CMYK( 0, 62, 51, 48),HEX(#853241)
Pantone 499,CMYK( 0, 63, 100, 48),HEX(#853100)
Pantone 4995,CMYK( 0, 48, 38, 34),HEX(#A85868)
Pantone 500,CMYK( 0, 38, 21, 11),HEX(#E38DB3)
Pantone 5005,CMYK( 0, 38, 27, 23),HEX(#C47A8F)
Pantone 501,CMYK( 0, 27, 13, 3),HEX(#F7B5D7)
Pantone 5015,CMYK( 0, 25, 15, 11),HEX(#E3AAC1)
Pantone 502,CMYK( 0, 18, 10, 1),HEX(#FCCFE3)
Pantone 5025,CMYK( 0, 18, 12, 7),HEX(#EDC2D1)
Pantone 503,CMYK( 0, 11, 8, 0),HEX(#FFE3EB)
Pantone 5035,CMYK( 0, 10, 9, 3),HEX(#F7DFE1)
Pantone 504,CMYK( 70, 100, 100, 35),HEX(#320000)
Pantone 505,CMYK( 50, 100, 100, 25),HEX(#600000)
Pantone 506,CMYK( 45, 100, 100, 15),HEX(#770000)
Pantone 507,CMYK( 13, 49, 23, 0),HEX(#DE82C4)
Pantone 508,CMYK( 5, 36, 11, 0),HEX(#F2A3E3)
Pantone 509,CMYK( 0, 24, 7, 0),HEX(#FFC2ED)
Pantone 510,CMYK( 0, 17, 6, 0),HEX(#FFD4F0)
Pantone 511,CMYK( 70, 100, 50, 20),HEX(#3D0066)
Pantone 5115,CMYK( 80, 100, 70, 15),HEX(#2B0041)
Pantone 512,CMYK( 60, 100, 15, 5),HEX(#6100CE)
Pantone 5125,CMYK( 65, 86, 49, 0),HEX(#592482)
Pantone 513,CMYK( 46, 88, 0, 0),HEX(#8A1FFF)
Pantone 5135,CMYK( 49, 66, 28, 0),HEX(#8257B8)
Pantone 514,CMYK( 15, 50, 0, 0),HEX(#D980FF)
Pantone 5145,CMYK( 30, 45, 12, 0),HEX(#B38CE0)
Pantone 515,CMYK( 7, 38, 0, 0),HEX(#ED9EFF)
Pantone 5155,CMYK( 17, 30, 8, 0),HEX(#D4B3EB)
Pantone 516,CMYK( 3, 27, 0, 0),HEX(#F7BAFF)
Pantone 5165,CMYK( 9, 19, 5, 0),HEX(#E8CFF2)
Pantone 517,CMYK( 0, 18, 0, 0),HEX(#FFD1FF)
Pantone 5175,CMYK( 5, 12, 3, 0),HEX(#F2E0F7)
Pantone 518,CMYK( 80, 100, 60, 10),HEX(#2E005C)
Pantone 5185,CMYK( 88, 100, 85, 10),HEX(#1C0022)
Pantone 519,CMYK( 72, 100, 35, 5),HEX(#44009D)
Pantone 5195,CMYK( 75, 95, 68, 5),HEX(#3D0C4E)
Pantone 520,CMYK( 64, 100, 12, 0),HEX(#5C00E0)
Pantone 5205,CMYK( 52, 63, 48, 0),HEX(#7A5E85)
Pantone 521,CMYK( 27, 47, 0, 0),HEX(#BA87FF)
Pantone 5215,CMYK( 29, 38, 24, 0),HEX(#B59EC2)
Pantone 522,CMYK( 17, 37, 0, 0),HEX(#D4A1FF)
Pantone 5225,CMYK( 17, 27, 15, 0),HEX(#D4BAD9)
Pantone 523,CMYK( 10, 26, 0, 0),HEX(#E6BDFF)
Pantone 5235,CMYK( 10, 17, 10, 0),HEX(#E6D4E6)
Pantone 524,CMYK( 6, 15, 0, 0),HEX(#F0D9FF)
Pantone 5245,CMYK( 6, 10, 7, 0),HEX(#F0E6ED)
Pantone 525,CMYK( 84, 100, 45, 5),HEX(#270085)
Pantone 5255,CMYK( 83, 85, 0, 70),HEX(#0D0B4D)
Pantone 526,CMYK( 77, 100, 7, 0),HEX(#3B00ED)
Pantone 5265,CMYK( 77, 73, 0, 46),HEX(#20258A)
Pantone 527,CMYK( 73, 100, 0, 0),HEX(#4500FF)
Pantone 5275,CMYK( 67, 57, 0, 34),HEX(#3848A8)
Pantone 528,CMYK( 41, 55, 0, 0),HEX(#9673FF)
Pantone 5285,CMYK( 42, 35, 0, 23),HEX(#7280C4)
Pantone 529,CMYK( 26, 40, 0, 0),HEX(#BD99FF)
Pantone 5295,CMYK( 27, 22, 0, 10),HEX(#A8B3E6)
Pantone 530,CMYK( 18, 31, 0, 0),HEX(#D1B0FF)
Pantone 5305,CMYK( 16, 13, 0, 7),HEX(#C7CEED)
Pantone 531,CMYK( 10, 20, 0, 0),HEX(#E6CCFF)
Pantone 5315,CMYK( 6, 6, 0, 5),HEX(#E4E4F2)
Pantone 532,CMYK( 100, 88, 70, 18),HEX(#00193F)
Pantone 533,CMYK( 100, 85, 46, 11),HEX(#00227B)
Pantone 534,CMYK( 100, 82, 30, 5),HEX(#002CAA)
Pantone 535,CMYK( 42, 30, 7, 0),HEX(#94B3ED)
Pantone 536,CMYK( 31, 22, 5, 0),HEX(#B0C7F2)
Pantone 537,CMYK( 22, 14, 3, 0),HEX(#C7DBF7)
Pantone 538,CMYK( 13, 9, 2, 0),HEX(#DEE8FA)
Pantone 539,CMYK( 100, 49, 0, 70),HEX(#00274D)
Pantone 5395,CMYK( 100, 44, 0, 76),HEX(#00223D)
Pantone 540,CMYK( 100, 55, 0, 55),HEX(#003473)
Pantone 5405,CMYK( 58, 17, 0, 46),HEX(#3A728A)
Pantone 541,CMYK( 100, 57, 0, 38),HEX(#00449E)
Pantone 5415,CMYK( 40, 8, 0, 41),HEX(#5A8A96)
Pantone 542,CMYK( 62, 22, 0, 3),HEX(#5EC1F7)
Pantone 5425,CMYK( 30, 4, 0, 32),HEX(#79A6AD)
Pantone 543,CMYK( 41, 11, 0, 0),HEX(#96E3FF)
Pantone 5435,CMYK( 13, 3, 0, 17),HEX(#B8CDD4)
Pantone 544,CMYK( 30, 6, 0, 0),HEX(#B3F0FF)
Pantone 5445,CMYK( 8, 1, 0, 13),HEX(#CCDCDE)
Pantone 545,CMYK( 22, 3, 0, 0),HEX(#C7F7FF)
Pantone 5455,CMYK( 6, 0, 0, 9),HEX(#DAE8E8)
Pantone 546,CMYK( 95, 9, 0, 83),HEX(#02272B)
Pantone 5463,CMYK( 100, 0, 18, 83),HEX(#002B24)
Pantone 5467,CMYK( 100, 0, 30, 95),HEX(#000D09)
Pantone 547,CMYK( 100, 19, 0, 75),HEX(#003440)
Pantone 5473,CMYK( 82, 0, 28, 52),HEX(#167A58)
Pantone 5477,CMYK( 56, 0, 27, 74),HEX(#1D4230)
Pantone 548,CMYK( 100, 24, 0, 64),HEX(#00465C)
Pantone 5483,CMYK( 62, 0, 21, 31),HEX(#43B08B)
Pantone 5487,CMYK( 36, 0, 17, 56),HEX(#48705D)
Pantone 549,CMYK( 54, 7, 0, 27),HEX(#56ADBA)
Pantone 5493,CMYK( 43, 0, 14, 21),HEX(#73C9AD)
Pantone 5497,CMYK( 18, 0, 9, 38),HEX(#829E90)
Pantone 550,CMYK( 39, 4, 0, 21),HEX(#7BC1C9)
Pantone 5503,CMYK( 29, 0, 10, 14),HEX(#9CDBC5)
Pantone 5507,CMYK( 11, 0, 7, 29),HEX(#A1B5A8)
Pantone 551,CMYK( 27, 3, 0, 13),HEX(#A2D7DE)
Pantone 5513,CMYK( 18, 0, 7, 5),HEX(#C7F2E1)
Pantone 5517,CMYK( 9, 0, 6, 18),HEX(#BED1C5)
Pantone 552,CMYK( 15, 0, 0, 9),HEX(#C5E8E8)
Pantone 5523,CMYK( 11, 0, 5, 3),HEX(#DCF7EB)
Pantone 5527,CMYK( 6, 0, 4, 11),HEX(#D5E3DA)
Pantone 553,CMYK( 60, 0, 51, 80),HEX(#143319)
Pantone 5535,CMYK( 66, 0, 57, 82),HEX(#102E14)
Pantone 554,CMYK( 80, 0, 60, 67),HEX(#115422)
Pantone 5545,CMYK( 59, 0, 50, 52),HEX(#327A3D)
Pantone 555,CMYK( 79, 0, 56, 56),HEX(#187031)
Pantone 5555,CMYK( 43, 0, 34, 38),HEX(#5A9E68)
Pantone 556,CMYK( 45, 0, 31, 27),HEX(#66BA80)
Pantone 5565,CMYK( 30, 0, 24, 26),HEX(#84BD8F)
Pantone 557,CMYK( 30, 0, 20, 15),HEX(#98D9AD)
Pantone 5575,CMYK( 20, 0, 16, 17),HEX(#A9D4B2)
Pantone 558,CMYK( 20, 0, 13, 9),HEX(#BAE8CA)
Pantone 5585,CMYK( 12, 0, 11, 10),HEX(#CAE6CC)
Pantone 559,CMYK( 14, 0, 10, 6),HEX(#CEF0D8)
Pantone 5595,CMYK( 7, 0, 8, 7),HEX(#DDEDDA)
Pantone 560,CMYK( 80, 0, 63, 75),HEX(#0D4018)
Pantone 5605,CMYK( 65, 0, 56, 94),HEX(#050F07)
Pantone 561,CMYK( 85, 0, 54, 52),HEX(#127A38)
Pantone 5615,CMYK( 44, 0, 47, 68),HEX(#2E522B)
Pantone 562,CMYK( 85, 0, 50, 31),HEX(#1AB058)
Pantone 5625,CMYK( 28, 0, 30, 51),HEX(#5A7D57)
Pantone 563,CMYK( 52, 0, 32, 1),HEX(#79FCAC)
Pantone 5635,CMYK( 16, 0, 18, 36),HEX(#89A386)
Pantone 564,CMYK( 37, 0, 20, 0),HEX(#A1FFCC)
Pantone 5645,CMYK( 9, 0, 13, 25),HEX(#AEBFA6)
Pantone 565,CMYK( 23, 0, 13, 0),HEX(#C4FFDE)
Pantone 5655,CMYK( 6, 0, 9, 18),HEX(#C5D1BE)
Pantone 566,CMYK( 14, 0, 9, 0),HEX(#DBFFE8)
Pantone 5665,CMYK( 5, 0, 7, 10),HEX(#DAE6D5)
Pantone 567,CMYK( 82, 0, 64, 70),HEX(#0E4D1C)
Pantone 568,CMYK( 88, 0, 57, 36),HEX(#14A346)
Pantone 569,CMYK( 98, 0, 57, 17),HEX(#04D45B)
Pantone 570,CMYK( 48, 0, 29, 0),HEX(#85FFB5)
Pantone 571,CMYK( 32, 0, 19, 0),HEX(#ADFFCF)
Pantone 572,CMYK( 23, 0, 14, 0),HEX(#C4FFDB)
Pantone 573,CMYK( 14, 0, 9, 0),HEX(#DBFFE8)
Pantone 574,CMYK( 34, 0, 81, 71),HEX(#314A0E)
Pantone 5743,CMYK( 33, 0, 85, 82),HEX(#1F2E07)
Pantone 5747,CMYK( 32, 0, 100, 79),HEX(#243600)
Pantone 575,CMYK( 48, 0, 100, 53),HEX(#3E7800)
Pantone 5753,CMYK( 25, 0, 81, 67),HEX(#3F5410)
Pantone 5757,CMYK( 27, 0, 95, 55),HEX(#547306)
Pantone 576,CMYK( 49, 0, 100, 39),HEX(#4F9C00)
Pantone 5763,CMYK( 16, 0, 74, 57),HEX(#5C6E1D)
Pantone 5767,CMYK( 15, 0, 68, 39),HEX(#849C32)
Pantone 577,CMYK( 24, 0, 46, 10),HEX(#AEE67C)
Pantone 5773,CMYK( 9, 0, 43, 38),HEX(#909E5A)
Pantone 5777,CMYK( 10, 0, 49, 28),HEX(#A5B85E)
Pantone 578,CMYK( 20, 0, 40, 6),HEX(#C0F090)
Pantone 5783,CMYK( 6, 0, 28, 27),HEX(#AFBA86)
Pantone 5787,CMYK( 7, 0, 31, 13),HEX(#CEDE99)
Pantone 579,CMYK( 17, 0, 34, 3),HEX(#CDF7A3)
Pantone 5793,CMYK( 4, 0, 21, 18),HEX(#C9D1A5)
Pantone 5797,CMYK( 5, 0, 24, 9),HEX(#DCE8B0)
Pantone 580,CMYK( 12, 0, 26, 2),HEX(#DCFAB9)
Pantone 5803,CMYK( 2, 0, 12, 11),HEX(#DEE3C8)
Pantone 5807,CMYK( 3, 0, 14, 6),HEX(#E9F0CE)
Pantone 581,CMYK( 2, 0, 100, 72),HEX(#464700)
Pantone 5815,CMYK( 0, 0, 91, 79),HEX(#363605)
Pantone 582,CMYK( 13, 0, 100, 46),HEX(#788A00)
Pantone 5825,CMYK( 0, 2, 87, 59),HEX(#69660E)
Pantone 583,CMYK( 23, 0, 100, 17),HEX(#A3D400)
Pantone 5835,CMYK( 0, 2, 67, 40),HEX(#999632)
Pantone 584,CMYK( 12, 0, 79, 6),HEX(#D3F032)
Pantone 5845,CMYK( 0, 1, 47, 30),HEX(#B3B15F)
Pantone 585,CMYK( 11, 0, 66, 2),HEX(#DEFA55)
Pantone 5855,CMYK( 0, 0, 31, 18),HEX(#D1D190)
Pantone 586,CMYK( 9, 0, 53, 0),HEX(#E8FF78)
Pantone 5865,CMYK( 0, 0, 25, 13),HEX(#DEDEA6)
Pantone 587,CMYK( 5, 0, 40, 0),HEX(#F2FF99)
Pantone 5875,CMYK( 0, 0, 18, 8),HEX(#EBEBC0)
Pantone 600,CMYK( 0, 0, 29, 0),HEX(#FFFFB5)
Pantone 601,CMYK( 0, 0, 40, 0),HEX(#FFFF99)
Pantone 602,CMYK( 0, 0, 51, 0),HEX(#FFFF7D)
Pantone 603,CMYK( 0, 0, 69, 1),HEX(#FCFC4E)
Pantone 604,CMYK( 0, 0, 88, 3),HEX(#F7F71E)
Pantone 605,CMYK( 0, 2, 100, 7),HEX(#EDE800)
Pantone 606,CMYK( 0, 4, 100, 12),HEX(#E0D700)
Pantone 607,CMYK( 0, 0, 18, 1),HEX(#FCFCCF)
Pantone 608,CMYK( 0, 0, 32, 2),HEX(#FAFAAA)
Pantone 609,CMYK( 0, 0, 46, 4),HEX(#F5F584)
Pantone 610,CMYK( 0, 0, 58, 6),HEX(#F0F065)
Pantone 611,CMYK( 0, 1, 92, 11),HEX(#E3E112)
Pantone 612,CMYK( 0, 2, 100, 20),HEX(#CCC800)
Pantone 613,CMYK( 0, 4, 100, 30),HEX(#B3AB00)
Pantone 614,CMYK( 0, 0, 20, 4),HEX(#F5F5C4)
Pantone 615,CMYK( 0, 1, 27, 6),HEX(#F0EDAF)
Pantone 616,CMYK( 0, 2, 35, 9),HEX(#E8E397)
Pantone 617,CMYK( 0, 2, 48, 17),HEX(#D4CF6E)
Pantone 618,CMYK( 0, 3, 87, 30),HEX(#B3AD17)
Pantone 619,CMYK( 0, 4, 100, 43),HEX(#918C00)
Pantone 620,CMYK( 0, 5, 100, 53),HEX(#787200)
Pantone 621,CMYK( 13, 0, 10, 2),HEX(#D9FAE1)
Pantone 622,CMYK( 24, 0, 19, 4),HEX(#BAF5C6)
Pantone 623,CMYK( 32, 0, 24, 10),HEX(#9CE6AE)
Pantone 624,CMYK( 44, 0, 35, 20),HEX(#72CC85)
Pantone 625,CMYK( 56, 0, 44, 33),HEX(#4BAB60)
Pantone 626,CMYK( 76, 0, 64, 63),HEX(#175E22)
Pantone 627,CMYK( 90, 0, 76, 84),HEX(#04290A)
Pantone 628,CMYK( 19, 0, 6, 0),HEX(#CFFFF0)
Pantone 629,CMYK( 34, 0, 9, 0),HEX(#A8FFE8)
Pantone 630,CMYK( 47, 0, 11, 0),HEX(#87FFE3)
Pantone 631,CMYK( 67, 0, 12, 2),HEX(#52FADC)
Pantone 632,CMYK( 92, 0, 15, 5),HEX(#13F2CE)
Pantone 633,CMYK( 100, 0, 10, 25),HEX(#00BFAC)
Pantone 634,CMYK( 100, 0, 9, 40),HEX(#00998B)
Pantone 635,CMYK( 32, 0, 8, 0),HEX(#ADFFEB)
Pantone 636,CMYK( 45, 0, 9, 0),HEX(#8CFFE8)
Pantone 637,CMYK( 55, 0, 9, 0),HEX(#73FFE8)
Pantone 638,CMYK( 83, 0, 10, 0),HEX(#2BFFE6)
Pantone 639,CMYK( 100, 0, 5, 5),HEX(#00F2E6)
Pantone 640,CMYK( 100, 0, 0, 22),HEX(#00C7C7)
Pantone 641,CMYK( 100, 4, 0, 30),HEX(#00ABB3)
Pantone 642,CMYK( 16, 4, 0, 2),HEX(#D2F0FA)
Pantone 643,CMYK( 25, 7, 0, 4),HEX(#B8E4F5)
Pantone 644,CMYK( 42, 15, 0, 6),HEX(#8BCCF0)
Pantone 645,CMYK( 57, 28, 0, 9),HEX(#64A7E8)
Pantone 646,CMYK( 69, 34, 0, 11),HEX(#4696E3)
Pantone 647,CMYK( 100, 56, 0, 23),HEX(#0056C4)
Pantone 648,CMYK( 100, 62, 0, 54),HEX(#002D75)
Pantone 649,CMYK( 14, 6, 0, 1),HEX(#D9EDFC)
Pantone 650,CMYK( 24, 9, 0, 2),HEX(#BEE3FA)
Pantone 651,CMYK( 38, 18, 0, 6),HEX(#95C5F0)
Pantone 652,CMYK( 60, 34, 0, 10),HEX(#5C97E6)
Pantone 653,CMYK( 100, 62, 0, 20),HEX(#004ECC)
Pantone 654,CMYK( 100, 64, 0, 38),HEX(#00399E)
Pantone 655,CMYK( 100, 65, 0, 52),HEX(#002B7A)
Pantone 656,CMYK( 14, 4, 0, 0),HEX(#DBF5FF)
Pantone 657,CMYK( 24, 8, 0, 0),HEX(#C2EBFF)
Pantone 658,CMYK( 41, 20, 0, 0),HEX(#96CCFF)
Pantone 659,CMYK( 64, 35, 0, 0),HEX(#5CA6FF)
Pantone 660,CMYK( 90, 57, 0, 0),HEX(#1A6EFF)
Pantone 661,CMYK( 100, 69, 0, 9),HEX(#0048E8)
Pantone 662,CMYK( 100, 72, 0, 18),HEX(#003BD1)
Pantone 663,CMYK( 7, 6, 0, 0),HEX(#EDF0FF)
Pantone 664,CMYK( 11, 9, 0, 0),HEX(#E3E8FF)
Pantone 665,CMYK( 20, 17, 0, 2),HEX(#C8CFFA)
Pantone 666,CMYK( 31, 30, 0, 7),HEX(#A4A6ED)
Pantone 667,CMYK( 52, 49, 0, 14),HEX(#6970DB)
Pantone 668,CMYK( 65, 64, 0, 30),HEX(#3E40B3)
Pantone 669,CMYK( 76, 78, 0, 47),HEX(#201E87)
Pantone 670,CMYK( 0, 13, 0, 0),HEX(#FFDEFF)
Pantone 671,CMYK( 1, 20, 0, 0),HEX(#FCCCFF)
Pantone 672,CMYK( 3, 34, 0, 0),HEX(#F7A8FF)
Pantone 673,CMYK( 6, 49, 0, 0),HEX(#F082FF)
Pantone 674,CMYK( 9, 67, 0, 0),HEX(#E854FF)
Pantone 675,CMYK( 17, 100, 0, 3),HEX(#CD00F7)
Pantone 676,CMYK( 6, 100, 0, 22),HEX(#BB00C7)
Pantone 677,CMYK( 2, 13, 0, 0),HEX(#FADEFF)
Pantone 678,CMYK( 3, 21, 0, 0),HEX(#F7C9FF)
Pantone 679,CMYK( 5, 27, 0, 0),HEX(#F2BAFF)
Pantone 680,CMYK( 10, 43, 0, 2),HEX(#E18EFA)
Pantone 681,CMYK( 21, 61, 0, 4),HEX(#C15FF5)
Pantone 682,CMYK( 25, 79, 0, 12),HEX(#A82FE0)
Pantone 683,CMYK( 11, 100, 0, 43),HEX(#810091)
Pantone 684,CMYK( 0, 17, 0, 2),HEX(#FACFFA)
Pantone 685,CMYK( 0, 25, 0, 3),HEX(#F7BAF7)
Pantone 686,CMYK( 0, 30, 0, 5),HEX(#F2AAF2)
Pantone 687,CMYK( 2, 44, 0, 12),HEX(#DC7EE0)
Pantone 688,CMYK( 5, 57, 0, 19),HEX(#C459CF)
Pantone 689,CMYK( 7, 77, 0, 34),HEX(#9D27A8)
Pantone 690,CMYK( 0, 97, 0, 59),HEX(#690369)
Pantone 691,CMYK( 0, 15, 8, 1),HEX(#FCD7E8)
Pantone 692,CMYK( 0, 23, 10, 2),HEX(#FAC0E1)
Pantone 693,CMYK( 0, 30, 12, 6),HEX(#F0A8D3)
Pantone 694,CMYK( 0, 43, 19, 10),HEX(#E683BA)
Pantone 695,CMYK( 0, 58, 28, 25),HEX(#BF508A)
Pantone 696,CMYK( 0, 84, 54, 40),HEX(#991846)
Pantone 697,CMYK( 0, 93, 70, 51),HEX(#7D0925)
Pantone 698,CMYK( 0, 16, 8, 0),HEX(#FFD6EB)
Pantone 699,CMYK( 0, 24, 10, 0),HEX(#FFC2E6)
Pantone 700,CMYK( 0, 36, 14, 0),HEX(#FFA3DB)
Pantone 701,CMYK( 0, 53, 20, 0),HEX(#FF78CC)
Pantone 702,CMYK( 0, 69, 34, 5),HEX(#F24BA0)
Pantone 703,CMYK( 0, 83, 54, 16),HEX(#D62463)
Pantone 704,CMYK( 0, 100, 80, 27),HEX(#BA0025)
Pantone 705,CMYK( 0, 9, 5, 0),HEX(#FFE8F2)
Pantone 706,CMYK( 0, 17, 10, 0),HEX(#FFD4E6)
Pantone 707,CMYK( 0, 30, 14, 0),HEX(#FFB3DB)
Pantone 708,CMYK( 0, 46, 22, 0),HEX(#FF8AC7)
Pantone 709,CMYK( 0, 66, 38, 0),HEX(#FF579E)
Pantone 710,CMYK( 0, 79, 58, 0),HEX(#FF366B)
Pantone 711,CMYK( 0, 100, 80, 2),HEX(#FA0032)
Pantone 712,CMYK( 0, 14, 31, 0),HEX(#FFDBB0)
Pantone 713,CMYK( 0, 19, 41, 0),HEX(#FFCF96)
Pantone 714,CMYK( 0, 28, 54, 0),HEX(#FFB875)
Pantone 715,CMYK( 0, 37, 71, 0),HEX(#FFA14A)
Pantone 716,CMYK( 0, 47, 91, 0),HEX(#FF8717)
Pantone 717,CMYK( 0, 55, 100, 2),HEX(#FA7000)
Pantone 718,CMYK( 0, 58, 100, 8),HEX(#EB6300)
Pantone 719,CMYK( 0, 10, 25, 0),HEX(#FFE6BF)
Pantone 720,CMYK( 0, 15, 34, 1),HEX(#FCD7A7)
Pantone 721,CMYK( 0, 24, 52, 3),HEX(#F7BC77)
Pantone 722,CMYK( 0, 36, 76, 9),HEX(#E89538)
Pantone 723,CMYK( 0, 45, 95, 17),HEX(#D4740B)
Pantone 724,CMYK( 0, 53, 100, 37),HEX(#A14C00)
Pantone 725,CMYK( 0, 55, 100, 49),HEX(#823B00)
Pantone 726,CMYK( 0, 8, 23, 2),HEX(#FAE6C0)
Pantone 727,CMYK( 0, 15, 34, 5),HEX(#F2CEA0)
Pantone 728,CMYK( 0, 21, 48, 10),HEX(#E6B577)
Pantone 729,CMYK( 0, 31, 61, 18),HEX(#D19052)
Pantone 730,CMYK( 0, 39, 76, 29),HEX(#B56E2B)
Pantone 731,CMYK( 0, 53, 100, 54),HEX(#753700)
Pantone 732,CMYK( 0, 56, 100, 64),HEX(#5C2800)
Pantone 7401,CMYK( 0, 4, 18, 0),HEX(#FFF5D1)
Pantone 7402,CMYK( 0, 6, 30, 0),HEX(#FFF0B3)
Pantone 7403,CMYK( 0, 10, 50, 0),HEX(#FFE680)
Pantone 7404,CMYK( 0, 9, 80, 0),HEX(#FFE833)
Pantone 7405,CMYK( 0, 10, 100, 0),HEX(#FFE600)
Pantone 7406,CMYK( 0, 18, 100, 0),HEX(#FFD100)
Pantone 7407,CMYK( 0, 22, 85, 11),HEX(#E3B122)
Pantone 7408,CMYK( 0, 25, 95, 0),HEX(#FFBF0D)
Pantone 7409,CMYK( 0, 30, 95, 0),HEX(#FFB30D)
Pantone 7410,CMYK( 0, 30, 55, 0),HEX(#FFB373)
Pantone 7411,CMYK( 0, 35, 69, 0),HEX(#FFA64F)
Pantone 7412,CMYK( 0, 42, 100, 7),HEX(#ED8A00)
Pantone 7413,CMYK( 0, 53, 100, 4),HEX(#F57300)
Pantone 7414,CMYK( 0, 46, 100, 11),HEX(#E37B00)
Pantone 7415,CMYK( 0, 18, 15, 0),HEX(#FFD1D9)
Pantone 7416,CMYK( 0, 60, 60, 0),HEX(#FF6666)
Pantone 7417,CMYK( 0, 75, 75, 0),HEX(#FF4040)
Pantone 7418,CMYK( 0, 70, 60, 5),HEX(#F24961)
Pantone 7419,CMYK( 0, 60, 45, 18),HEX(#D15473)
Pantone 7420,CMYK( 0, 80, 42, 20),HEX(#CC2976)
Pantone 7421,CMYK( 0, 100, 30, 61),HEX(#630046)
Pantone 7422,CMYK( 0, 9, 5, 0),HEX(#FFE8F2)
Pantone 7423,CMYK( 0, 55, 22, 0),HEX(#FF73C7)
Pantone 7424,CMYK( 0, 75, 30, 0),HEX(#FF40B3)
Pantone 7425,CMYK( 0, 90, 30, 7),HEX(#ED18A6)
Pantone 7426,CMYK( 0, 100, 45, 18),HEX(#D10073)
Pantone 7427,CMYK( 0, 100, 65, 28),HEX(#B80040)
Pantone 7428,CMYK( 0, 80, 45, 55),HEX(#73173F)
Pantone 7429,CMYK( 0, 18, 3, 0),HEX(#FFD1F7)
Pantone 7430,CMYK( 2, 31, 0, 0),HEX(#FAB0FF)
Pantone 7431,CMYK( 0, 38, 2, 5),HEX(#F296ED)
Pantone 7432,CMYK( 0, 55, 3, 10),HEX(#E667DF)
Pantone 7433,CMYK( 0, 75, 15, 15),HEX(#D936B8)
Pantone 7434,CMYK( 0, 80, 15, 20),HEX(#CC29AD)
Pantone 7435,CMYK( 0, 100, 10, 35),HEX(#A60095)
Pantone 7436,CMYK( 3, 8, 0, 0),HEX(#F7EBFF)
Pantone 7437,CMYK( 6, 20, 0, 0),HEX(#F0CCFF)
Pantone 7438,CMYK( 15, 35, 0, 0),HEX(#D9A6FF)
Pantone 7439,CMYK( 20, 35, 0, 0),HEX(#CCA6FF)
Pantone 7440,CMYK( 30, 40, 0, 0),HEX(#B399FF)
Pantone 7441,CMYK( 36, 50, 0, 0),HEX(#A380FF)
Pantone 7442,CMYK( 50, 70, 0, 0),HEX(#804DFF)
Pantone 7443,CMYK( 6, 5, 0, 0),HEX(#F0F2FF)
Pantone 7444,CMYK( 20, 17, 0, 0),HEX(#CCD4FF)
Pantone 7445,CMYK( 30, 20, 0, 3),HEX(#ADC6F7)
Pantone 7446,CMYK( 43, 38, 0, 0),HEX(#919EFF)
Pantone 7447,CMYK( 60, 58, 0, 19),HEX(#5357CF)
Pantone 7448,CMYK( 32, 42, 0, 55),HEX(#4E4373)
Pantone 7449,CMYK( 72, 100, 77, 46),HEX(#270020)
Pantone 7450,CMYK( 20, 10, 0, 0),HEX(#CCE6FF)
Pantone 7451,CMYK( 40, 21, 0, 0),HEX(#99C9FF)
Pantone 7452,CMYK( 50, 32, 0, 0),HEX(#80ADFF)
Pantone 7453,CMYK( 50, 26, 0, 0),HEX(#80BDFF)
Pantone 7454,CMYK( 50, 24, 0, 10),HEX(#73AEE6)
Pantone 7455,CMYK( 80, 53, 0, 0),HEX(#3378FF)
Pantone 7456,CMYK( 55, 35, 0, 7),HEX(#6B9AED)
Pantone 7457,CMYK( 12, 0, 2, 0),HEX(#E0FFFA)
Pantone 7458,CMYK( 40, 0, 5, 6),HEX(#90F0E4)
Pantone 7459,CMYK( 57, 0, 6, 13),HEX(#5FDED1)
Pantone 7460,CMYK( 100, 0, 0, 5),HEX(#00F2F2)
Pantone 7461,CMYK( 78, 28, 0, 0),HEX(#38B8FF)
Pantone 7462,CMYK( 100, 50, 0, 10),HEX(#0073E6)
Pantone 7463,CMYK( 100, 43, 0, 65),HEX(#003359)
Pantone 7464,CMYK( 25, 0, 10, 0),HEX(#BFFFE6)
Pantone 7465,CMYK( 50, 0, 25, 0),HEX(#80FFBF)
Pantone 7466,CMYK( 70, 0, 23, 0),HEX(#4DFFC4)
Pantone 7467,CMYK( 95, 0, 25, 0),HEX(#0DFFBF)
Pantone 7468,CMYK( 100, 10, 0, 28),HEX(#00A5B8)
Pantone 7469,CMYK( 100, 20, 0, 40),HEX(#007A99)
Pantone 7470,CMYK( 80, 15, 0, 45),HEX(#1C778C)
Pantone 7471,CMYK( 28, 0, 14, 0),HEX(#B8FFDB)
Pantone 7472,CMYK( 52, 0, 25, 0),HEX(#7AFFBF)
Pantone 7473,CMYK( 70, 0, 38, 8),HEX(#46EB91)
Pantone 7474,CMYK( 90, 0, 28, 22),HEX(#14C78F)
Pantone 7475,CMYK( 50, 0, 25, 30),HEX(#59B386)
Pantone 7476,CMYK( 100, 0, 43, 60),HEX(#00663A)
Pantone 7477,CMYK( 80, 0, 10, 68),HEX(#105249)
Pantone 7478,CMYK( 18, 0, 14, 0),HEX(#D1FFDB)
Pantone 7479,CMYK( 55, 0, 50, 0),HEX(#73FF80)
Pantone 7480,CMYK( 60, 0, 50, 0),HEX(#66FF80)
Pantone 7481,CMYK( 60, 0, 55, 0),HEX(#66FF73)
Pantone 7482,CMYK( 80, 0, 75, 0),HEX(#33FF40)
Pantone 7483,CMYK( 85, 0, 100, 55),HEX(#117300)
Pantone 7484,CMYK( 100, 0, 85, 50),HEX(#008013)
Pantone 7485,CMYK( 6, 0, 10, 0),HEX(#F0FFE6)
Pantone 7486,CMYK( 20, 0, 30, 0),HEX(#CCFFB3)
Pantone 7487,CMYK( 30, 0, 45, 0),HEX(#B3FF8C)
Pantone 7488,CMYK( 43, 0, 60, 0),HEX(#91FF66)
Pantone 7489,CMYK( 60, 0, 80, 7),HEX(#5FED2F)
Pantone 7490,CMYK( 45, 0, 80, 35),HEX(#5BA621)
Pantone 7491,CMYK( 32, 0, 100, 40),HEX(#689900)
Pantone 7492,CMYK( 12, 0, 50, 7),HEX(#D1ED77)
Pantone 7493,CMYK( 14, 0, 36, 10),HEX(#C5E693)
Pantone 7494,CMYK( 25, 0, 40, 15),HEX(#A3D982)
Pantone 7495,CMYK( 25, 0, 80, 30),HEX(#86B324)
Pantone 7496,CMYK( 40, 0, 100, 38),HEX(#5F9E00)
Pantone 7497,CMYK( 40, 30, 70, 25),HEX(#738639)
Pantone 7498,CMYK( 25, 0, 100, 80),HEX(#263300)
Pantone 7499,CMYK( 0, 2, 15, 0),HEX(#FFFAD9)
Pantone 7500,CMYK( 0, 2, 15, 3),HEX(#F7F2D2)
Pantone 7501,CMYK( 0, 4, 20, 6),HEX(#F0E6C0)
Pantone 7502,CMYK( 0, 8, 35, 10),HEX(#E6D395)
Pantone 7503,CMYK( 0, 12, 35, 25),HEX(#BFA87C)
Pantone 7504,CMYK( 0, 25, 45, 40),HEX(#997354)
Pantone 7505,CMYK( 0, 30, 70, 55),HEX(#735022)
Pantone 7506,CMYK( 0, 5, 15, 0),HEX(#FFF2D9)
Pantone 7507,CMYK( 0, 10, 30, 0),HEX(#FFE6B3)
Pantone 7508,CMYK( 0, 15, 40, 4),HEX(#F5D093)
Pantone 7509,CMYK( 0, 20, 50, 5),HEX(#F2C279)
Pantone 7510,CMYK( 0, 30, 72, 11),HEX(#E39F40)
Pantone 7511,CMYK( 0, 45, 100, 25),HEX(#BF6900)
Pantone 7512,CMYK( 0, 46, 100, 33),HEX(#AB5C00)
Pantone 7513,CMYK( 0, 18, 28, 3),HEX(#F7CBB2)
Pantone 7514,CMYK( 0, 24, 38, 5),HEX(#F2B896)
Pantone 7515,CMYK( 0, 35, 50, 12),HEX(#E09270)
Pantone 7516,CMYK( 0, 52, 100, 35),HEX(#A65000)
Pantone 7517,CMYK( 0, 60, 100, 44),HEX(#8F3900)
Pantone 7518,CMYK( 0, 40, 55, 60),HEX(#663D2E)
Pantone 7519,CMYK( 50, 60, 100, 48),HEX(#423500)
Pantone 7520,CMYK( 0, 16, 19, 0),HEX(#FFD6CF)
Pantone 7521,CMYK( 0, 25, 20, 10),HEX(#E6ACB8)
Pantone 7522,CMYK( 0, 40, 30, 16),HEX(#D68196)
Pantone 7523,CMYK( 0, 40, 35, 20),HEX(#CC7A85)
Pantone 7524,CMYK( 0, 55, 60, 27),HEX(#BA544A)
Pantone 7525,CMYK( 0, 45, 50, 30),HEX(#B36259)
Pantone 7526,CMYK( 0, 65, 100, 35),HEX(#A63A00)
Pantone 7527,CMYK( 0, 2, 6, 7),HEX(#EDE8DF)
Pantone 7528,CMYK( 0, 3, 10, 10),HEX(#E6DFCF)
Pantone 7529,CMYK( 0, 4, 12, 17),HEX(#D4CBBA)
Pantone 7530,CMYK( 0, 8, 21, 32),HEX(#ADA089)
Pantone 7531,CMYK( 0, 10, 27, 50),HEX(#80735D)
Pantone 7532,CMYK( 0, 17, 50, 65),HEX(#594A2D)
Pantone 7533,CMYK( 0, 22, 85, 85),HEX(#261E06)
Pantone 7534,CMYK( 0, 2, 8, 10),HEX(#E6E1D3)
Pantone 7535,CMYK( 0, 3, 15, 20),HEX(#CCC6AD)
Pantone 7536,CMYK( 0, 4, 22, 32),HEX(#ADA687)
Pantone 7537,CMYK( 3, 0, 10, 20),HEX(#C6CCB8)
Pantone 7538,CMYK( 9, 0, 13, 30),HEX(#A2B39B)
Pantone 7539,CMYK( 2, 0, 9, 36),HEX(#A0A395)
Pantone 7540,CMYK( 0, 0, 0, 72),HEX(#474747)
Pantone 7541,CMYK( 2, 0, 0, 5),HEX(#EDF2F2)
Pantone 7542,CMYK( 10, 0, 3, 16),HEX(#C1D6D0)
Pantone 7543,CMYK( 7, 0, 0, 30),HEX(#A6B3B3)
Pantone 7544,CMYK( 10, 1, 0, 40),HEX(#8A9799)
Pantone 7545,CMYK( 23, 2, 0, 63),HEX(#495C5E)
Pantone 7546,CMYK( 33, 4, 0, 72),HEX(#304547)
Pantone 7547,CMYK( 35, 4, 0, 94),HEX(#0A0F0F)
Black,CMYK( 0, 13, 49, 98),HEX(#050403)
Yellow 2X,CMYK( 1, 16, 98, 0),HEX(#FCD605)
Pantone 116 2X,CMYK( 0, 43, 98, 0),HEX(#FF9105)
Pantone 130 2X,CMYK( 0, 58, 97, 0),HEX(#FF6B08)
Pantone 165 2X,CMYK( 0, 97, 96, 0),HEX(#FF080A)
Warm Red 2X,CMYK( 0, 99, 95, 0),HEX(#FF030D)
Pantone 1788 2X,CMYK( 1, 100, 96, 0),HEX(#FC000A)
Pantone 185 2X,CMYK( 1, 100, 96, 0),HEX(#FC000A)
Pantone 485 2X,CMYK( 1, 100, 96, 0),HEX(#FC000A)
Rubine Red 2X,CMYK( 0, 100, 15, 4),HEX(#F500D0)
Rhodamine Red 2X,CMYK( 3, 89, 0, 0),HEX(#F71CFF)
Pantone 239 2X,CMYK( 9, 100, 37, 0),HEX(#E800A1)
Purple 2X,CMYK( 30, 100, 9, 0),HEX(#B300E8)
Pantone 2592 2X,CMYK( 81, 98, 0, 0),HEX(#3005FF)
Violet 2X,CMYK( 100, 100, 1, 0),HEX(#0000FC)
Reflex Blue 2X,CMYK( 99, 99, 1, 0),HEX(#0303FC)
Process Blue 2X,CMYK( 100, 41, 0, 0),HEX(#0096FF)
Pantone 299 2X,CMYK( 99, 25, 0, 0),HEX(#03BFFF)
Pantone 306 2X,CMYK( 95, 1, 5, 0),HEX(#0DFCF2)
Pantone 320 2X,CMYK( 100, 20, 25, 0),HEX(#00CCBF)
Pantone 327 2X,CMYK( 99, 32, 96, 3),HEX(#02A80A)
Green 2X,CMYK( 100, 1, 89, 0),HEX(#00FC1C)
Pantone 354 2X,CMYK( 98, 0, 98, 0),HEX(#05FF05)
Pantone 368 2X,CMYK( 89, 1, 99, 0),HEX(#1CFC03)
Pantone 375 2X,CMYK( 78, 0, 100, 0),HEX(#38FF00)
Pantone 382 2X,CMYK( 39, 1, 99, 0),HEX(#9CFC03)
Pantone 471 2X,CMYK( 20, 88, 98, 0),HEX(#CC1F05)
Pantone 464 2X,CMYK( 47, 80, 97, 5),HEX(#803007)
Pantone 433 2X,CMYK( 84, 73, 69, 70),HEX(#0C1518)
Black 2,CMYK( 0, 0, 30, 100),HEX(#000000)
Black 3,CMYK( 69, 0, 43, 100),HEX(#000000)
Black 4,CMYK( 0, 27, 91, 100),HEX(#000000)
Black 5,CMYK( 0, 38, 0, 100),HEX(#000000)
Black 6,CMYK( 100, 38, 0, 100),HEX(#000000)
Black 7,CMYK( 0, 0, 11, 87),HEX(#21211E)
Black 2 2X,CMYK( 83, 71, 70, 70),HEX(#0D1617)
Black 3 2X,CMYK( 83, 73, 69, 68),HEX(#0E1619)
Black 4 2X,CMYK( 81, 70, 70, 71),HEX(#0E1616)
Black 5 2X,CMYK( 82, 77, 72, 67),HEX(#0F1318)
Black 6 2X,CMYK( 84, 72, 69, 72),HEX(#0B1416)
Black 7 2X,CMYK( 76, 68, 69, 39),HEX(#253230)
Pantone 801,CMYK( 91, 0, 11, 0),HEX(#17FFE3)
Pantone 802,CMYK( 58, 0, 98, 0),HEX(#6BFF05)
Pantone 803,CMYK( 1, 9, 88, 0),HEX(#FCE81F)
Pantone 804,CMYK( 0, 65, 92, 0),HEX(#FF5914)
Pantone 805,CMYK( 0, 87, 78, 0),HEX(#FF2138)
Pantone 806,CMYK( 2, 94, 41, 0),HEX(#FA0F96)
Pantone 807,CMYK( 10, 96, 8, 0),HEX(#E60AEB)
Pantone 801 2X,CMYK( 99, 12, 4, 0),HEX(#03E0F5)
Pantone 802 2X,CMYK( 75, 0, 99, 0),HEX(#40FF03)
Pantone 803 2X,CMYK( 0, 23, 97, 0),HEX(#FFC408)
Pantone 804 2X,CMYK( 0, 79, 96, 0),HEX(#FF360A)
Pantone 805 2X,CMYK( 0, 94, 92, 0),HEX(#FF0F14)
Pantone 806 2X,CMYK( 1, 97, 52, 0),HEX(#FC087A)
Pantone 807 2X,CMYK( 14, 99, 3, 0),HEX(#DB03F7)
Pantone 808,CMYK( 85, 0, 52, 0),HEX(#26FF7A)
Pantone 809,CMYK( 9, 3, 94, 0),HEX(#E8F70F)
Pantone 810,CMYK( 0, 32, 94, 0),HEX(#FFAD0F)
Pantone 811,CMYK( 0, 82, 92, 0),HEX(#FF2E14)
Pantone 812,CMYK( 0, 94, 55, 0),HEX(#FF0F73)
Pantone 813,CMYK( 8, 95, 21, 0),HEX(#EB0DC9)
Pantone 814,CMYK( 75, 59, 0, 0),HEX(#4069FF)
Pantone 808 2X,CMYK( 96, 0, 72, 0),HEX(#0AFF47)
Pantone 809 2X,CMYK( 10, 7, 97, 0),HEX(#E6ED08)
Pantone 810 2X,CMYK( 0, 42, 95, 0),HEX(#FF940D)
Pantone 811 2X,CMYK( 0, 90, 96, 0),HEX(#FF1A0A)
Pantone 812 2X,CMYK( 0, 97, 77, 0),HEX(#FF083B)
Pantone 813 2X,CMYK( 7, 98, 20, 0),HEX(#ED05CC)
Pantone 814 2X,CMYK( 81, 72, 0, 0),HEX(#3047FF)
